date,blog_id,blog_slug,blog_name,daily_views
2026-06-30,1795,aitechnote,AI 테크 최신 정보 매거진,0
2026-06-30,1783,insightbridge,인사이트 브리지,0
2026-06-30,84,systrader79,systrader79의 트레이딩 이야기,0
2026-06-30,1799,history,모든 것의 역사,0
2026-06-30,1800,studylibrary,학문의 서재,0
2026-06-30,1724,infoplant,지식 발전소,0
2026-06-30,1725,knarchive,지식 저장소,0
2026-06-30,all,all,전체 블로그,0
2026-07-01,1795,aitechnote,AI 테크 최신 정보 매거진,86
2026-07-01,1783,insightbridge,인사이트 브리지,643
2026-07-01,84,systrader79,systrader79의 트레이딩 이야기,188
2026-07-01,1799,history,모든 것의 역사,403
2026-07-01,1800,studylibrary,학문의 서재,239
2026-07-01,1724,infoplant,지식 발전소,1686
2026-07-01,1725,knarchive,지식 저장소,3443
2026-07-01,all,all,전체 블로그,6688
2026-07-02,1795,aitechnote,AI 테크 최신 정보 매거진,338
2026-07-02,1783,insightbridge,인사이트 브리지,1431
2026-07-02,84,systrader79,systrader79의 트레이딩 이야기,189
2026-07-02,1799,history,모든 것의 역사,1147
2026-07-02,1800,studylibrary,학문의 서재,507
2026-07-02,1724,infoplant,지식 발전소,4248
2026-07-02,1725,knarchive,지식 저장소,7830
2026-07-02,all,all,전체 블로그,15690
2026-07-03,1795,aitechnote,AI 테크 최신 정보 매거진,200
2026-07-03,1783,insightbridge,인사이트 브리지,761
2026-07-03,84,systrader79,systrader79의 트레이딩 이야기,127
2026-07-03,1799,history,모든 것의 역사,686
2026-07-03,1800,studylibrary,학문의 서재,258
2026-07-03,1724,infoplant,지식 발전소,3255
2026-07-03,1725,knarchive,지식 저장소,4252
2026-07-03,1977,smartliving,스마트 리빙,0
2026-07-03,1978,cartemlab,카템 연구소,0
2026-07-03,all,all,전체 블로그,9539
2026-07-04,1795,aitechnote,AI 테크 최신 정보 매거진,114
2026-07-04,1783,insightbridge,인사이트 브리지,562
2026-07-04,84,systrader79,systrader79의 트레이딩 이야기,116
2026-07-04,1799,history,모든 것의 역사,554
2026-07-04,1800,studylibrary,학문의 서재,177
2026-07-04,1724,infoplant,지식 발전소,2199
2026-07-04,1725,knarchive,지식 저장소,3361
2026-07-04,1977,smartliving,스마트 리빙,2
2026-07-04,1978,cartemlab,카템 연구소,0
2026-07-04,all,all,전체 블로그,7085
2026-07-05,1795,aitechnote,AI 테크 최신 정보 매거진,130
2026-07-05,1783,insightbridge,인사이트 브리지,413
2026-07-05,84,systrader79,systrader79의 트레이딩 이야기,139
2026-07-05,1799,history,모든 것의 역사,568
2026-07-05,1800,studylibrary,학문의 서재,174
2026-07-05,1724,infoplant,지식 발전소,2532
2026-07-05,1725,knarchive,지식 저장소,9124
2026-07-05,1978,cartemlab,카템 연구소,19
2026-07-05,1986,livingcurator,리빙 큐레이터,0
2026-07-05,1977,smartliving,스마트 리빙,175
2026-07-05,all,all,전체 블로그,13274
2026-07-06,1795,aitechnote,AI 테크 최신 정보 매거진,230
2026-07-06,1783,insightbridge,인사이트 브리지,734
2026-07-06,84,systrader79,systrader79의 트레이딩 이야기,153
2026-07-06,1799,history,모든 것의 역사,705
2026-07-06,1800,studylibrary,학문의 서재,284
2026-07-06,1724,infoplant,지식 발전소,3515
2026-07-06,1725,knarchive,지식 저장소,8343
2026-07-06,1978,cartemlab,카템 연구소,213
2026-07-06,1986,petpicknote,펫 픽 노트,241
2026-07-06,1977,smartliving,스마트 리빙,11190
2026-07-06,all,all,전체 블로그,25608
2026-07-07,1795,aitechnote,AI 테크 최신 정보 매거진,216
2026-07-07,1783,insightbridge,인사이트 브리지,837
2026-07-07,84,systrader79,systrader79의 트레이딩 이야기,129
2026-07-07,1799,history,모든 것의 역사,673
2026-07-07,1800,studylibrary,학문의 서재,252
2026-07-07,1724,infoplant,지식 발전소,3229
2026-07-07,1725,knarchive,지식 저장소,5876
2026-07-07,1978,cartemlab,카템 연구소,1994
2026-07-07,1986,petpicknote,펫 픽 노트,2083
2026-07-07,1977,smartliving,스마트 리빙,6157
2026-07-07,all,all,전체 블로그,21446
2026-07-08,1795,aitechnote,AI 테크 최신 정보 매거진,204
2026-07-08,1783,insightbridge,인사이트 브리지,661
2026-07-08,84,systrader79,systrader79의 트레이딩 이야기,154
2026-07-08,1799,history,모든 것의 역사,583
2026-07-08,1800,studylibrary,학문의 서재,188
2026-07-08,1724,infoplant,지식 발전소,2382
2026-07-08,1725,knarchive,지식 저장소,5307
2026-07-08,1978,cartemlab,카템 연구소,1820
2026-07-08,1986,petpicknote,펫 픽 노트,2897
2026-07-08,1977,smartliving,스마트 리빙,4172
2026-07-08,all,all,전체 블로그,18368
2026-07-09,1795,aitechnote,AI 테크 최신 정보 매거진,200
2026-07-09,1783,insightbridge,인사이트 브리지,681
2026-07-09,84,systrader79,systrader79의 트레이딩 이야기,105
2026-07-09,1799,history,모든 것의 역사,499
2026-07-09,1800,studylibrary,학문의 서재,164
2026-07-09,1724,infoplant,지식 발전소,2123
2026-07-09,1725,knarchive,지식 저장소,5339
2026-07-09,1978,cartemlab,카템 연구소,1919
2026-07-09,1986,petpicknote,펫 픽 노트,1805
2026-07-09,1977,smartliving,스마트 리빙,7371
2026-07-09,all,all,전체 블로그,20206
2026-07-10,1795,aitechnote,AI 테크 최신 정보 매거진,201
2026-07-10,1783,insightbridge,인사이트 브리지,621
2026-07-10,84,systrader79,systrader79의 트레이딩 이야기,84
2026-07-10,1799,history,모든 것의 역사,472
2026-07-10,1800,studylibrary,학문의 서재,117
2026-07-10,1724,infoplant,지식 발전소,1658
2026-07-10,1725,knarchive,지식 저장소,4046
2026-07-10,1978,cartemlab,카템 연구소,3089
2026-07-10,1986,petpicknote,펫 픽 노트,1416
2026-07-10,1977,smartliving,스마트 리빙,3920
2026-07-10,all,all,전체 블로그,15624
2026-07-11,1795,aitechnote,AI 테크 최신 정보 매거진,94
2026-07-11,1783,insightbridge,인사이트 브리지,410
2026-07-11,84,systrader79,systrader79의 트레이딩 이야기,133
2026-07-11,1799,history,모든 것의 역사,292
2026-07-11,1800,studylibrary,학문의 서재,127
2026-07-11,1724,infoplant,지식 발전소,1284
2026-07-11,1725,knarchive,지식 저장소,3557
2026-07-11,1978,cartemlab,카템 연구소,22907
2026-07-11,1986,petpicknote,펫 픽 노트,1742
2026-07-11,1977,smartliving,스마트 리빙,9127
2026-07-11,all,all,전체 블로그,39673
2026-07-12,1795,aitechnote,AI 테크 최신 정보 매거진,108
2026-07-12,1783,insightbridge,인사이트 브리지,449
2026-07-12,84,systrader79,systrader79의 트레이딩 이야기,103
2026-07-12,1799,history,모든 것의 역사,335
2026-07-12,1800,studylibrary,학문의 서재,115
2026-07-12,1724,infoplant,지식 발전소,1142
2026-07-12,1725,knarchive,지식 저장소,2636
2026-07-12,1978,cartemlab,카템 연구소,29138
2026-07-12,1986,petpicknote,펫 픽 노트,2749
2026-07-12,1977,smartliving,스마트 리빙,14268
2026-07-12,all,all,전체 블로그,51043
2026-07-13,1795,aitechnote,AI 테크 최신 정보 매거진,186
2026-07-13,1783,insightbridge,인사이트 브리지,668
2026-07-13,84,systrader79,systrader79의 트레이딩 이야기,206
2026-07-13,1799,history,모든 것의 역사,548
2026-07-13,1800,studylibrary,학문의 서재,227
2026-07-13,1724,infoplant,지식 발전소,1569
2026-07-13,1725,knarchive,지식 저장소,3585
2026-07-13,1978,cartemlab,카템 연구소,33353
2026-07-13,1986,petpicknote,펫 픽 노트,3521
2026-07-13,1977,smartliving,스마트 리빙,12090
2026-07-13,all,all,전체 블로그,55953
2026-07-14,1795,aitechnote,AI 테크 최신 정보 매거진,287
2026-07-14,1783,insightbridge,인사이트 브리지,608
2026-07-14,84,systrader79,systrader79의 트레이딩 이야기,133
2026-07-14,1799,history,모든 것의 역사,542
2026-07-14,1800,studylibrary,학문의 서재,220
2026-07-14,1724,infoplant,지식 발전소,1643
2026-07-14,1725,knarchive,지식 저장소,3815
2026-07-14,1978,cartemlab,카템 연구소,29420
2026-07-14,1986,petpicknote,펫 픽 노트,2724
2026-07-14,1977,smartliving,스마트 리빙,8763
2026-07-14,all,all,전체 블로그,48155
2026-07-15,1795,aitechnote,AI 테크 최신 정보 매거진,280
2026-07-15,1783,insightbridge,인사이트 브리지,606
2026-07-15,84,systrader79,systrader79의 트레이딩 이야기,86
2026-07-15,1799,history,모든 것의 역사,427
2026-07-15,1800,studylibrary,학문의 서재,192
2026-07-15,1724,infoplant,지식 발전소,1520
2026-07-15,1725,knarchive,지식 저장소,3470
2026-07-15,1978,cartemlab,카템 연구소,14498
2026-07-15,1986,petpicknote,펫 픽 노트,2288
2026-07-15,1977,smartliving,스마트 리빙,7677
2026-07-15,all,all,전체 블로그,31044
2026-07-16,1795,aitechnote,AI 테크 최신 정보 매거진,288
2026-07-16,1783,insightbridge,인사이트 브리지,498
2026-07-16,84,systrader79,systrader79의 트레이딩 이야기,50
2026-07-16,1799,history,모든 것의 역사,383
2026-07-16,1800,studylibrary,학문의 서재,121
2026-07-16,1724,infoplant,지식 발전소,932
2026-07-16,1725,knarchive,지식 저장소,2182
2026-07-16,1978,cartemlab,카템 연구소,10674
2026-07-16,1986,petpicknote,펫 픽 노트,1821
2026-07-16,1977,smartliving,스마트 리빙,5122
2026-07-16,all,all,전체 블로그,22071
2026-07-17,1795,aitechnote,AI 테크 최신 정보 매거진,350
2026-07-17,1783,insightbridge,인사이트 브리지,409
2026-07-17,84,systrader79,systrader79의 트레이딩 이야기,44
2026-07-17,1799,history,모든 것의 역사,244
2026-07-17,1800,studylibrary,학문의 서재,100
2026-07-17,1724,infoplant,지식 발전소,829
2026-07-17,1725,knarchive,지식 저장소,1779
2026-07-17,1978,cartemlab,카템 연구소,2850
2026-07-17,1986,petpicknote,펫 픽 노트,1684
2026-07-17,1977,smartliving,스마트 리빙,4002
2026-07-17,all,all,전체 블로그,12291
2026-07-18,1795,aitechnote,AI 테크 최신 정보 매거진,272
2026-07-18,1783,insightbridge,인사이트 브리지,456
2026-07-18,84,systrader79,systrader79의 트레이딩 이야기,45
2026-07-18,1799,history,모든 것의 역사,170
2026-07-18,1800,studylibrary,학문의 서재,71
2026-07-18,1724,infoplant,지식 발전소,757
2026-07-18,1725,knarchive,지식 저장소,1564
2026-07-18,1978,cartemlab,카템 연구소,1268
2026-07-18,1986,petpicknote,펫 픽 노트,1554
2026-07-18,1977,smartliving,스마트 리빙,2642
2026-07-18,all,all,전체 블로그,8799
2026-07-19,1795,aitechnote,AI 테크 최신 정보 매거진,382
2026-07-19,1783,insightbridge,인사이트 브리지,409
2026-07-19,84,systrader79,systrader79의 트레이딩 이야기,44
2026-07-19,1799,history,모든 것의 역사,196
2026-07-19,1800,studylibrary,학문의 서재,95
2026-07-19,1724,infoplant,지식 발전소,687
2026-07-19,1725,knarchive,지식 저장소,1724
2026-07-19,1978,cartemlab,카템 연구소,352
2026-07-19,1986,petpicknote,펫 픽 노트,968
2026-07-19,1977,smartliving,스마트 리빙,1014
2026-07-19,all,all,전체 블로그,5871
2026-07-20,1795,aitechnote,AI 테크 최신 정보 매거진,527
2026-07-20,1783,insightbridge,인사이트 브리지,523
2026-07-20,84,systrader79,systrader79의 트레이딩 이야기,48
2026-07-20,1799,history,모든 것의 역사,338
2026-07-20,1800,studylibrary,학문의 서재,124
2026-07-20,1724,infoplant,지식 발전소,864
2026-07-20,1725,knarchive,지식 저장소,2017
2026-07-20,1978,cartemlab,카템 연구소,156
2026-07-20,1986,petpicknote,펫 픽 노트,584
2026-07-20,1977,smartliving,스마트 리빙,443
2026-07-20,all,all,전체 블로그,5624
2026-07-21,1795,aitechnote,AI 테크 최신 정보 매거진,529
2026-07-21,1783,insightbridge,인사이트 브리지,625
2026-07-21,84,systrader79,systrader79의 트레이딩 이야기,56
2026-07-21,1799,history,모든 것의 역사,266
2026-07-21,1800,studylibrary,학문의 서재,122
2026-07-21,1724,infoplant,지식 발전소,934
2026-07-21,1725,knarchive,지식 저장소,2001
2026-07-21,1978,cartemlab,카템 연구소,172
2026-07-21,1986,petpicknote,펫 픽 노트,459
2026-07-21,1977,smartliving,스마트 리빙,328
2026-07-21,all,all,전체 블로그,5492
2026-07-22,1795,aitechnote,AI 테크 최신 정보 매거진,408
2026-07-22,1783,insightbridge,인사이트 브리지,644
2026-07-22,84,systrader79,systrader79의 트레이딩 이야기,38
2026-07-22,1799,history,모든 것의 역사,372
2026-07-22,1800,studylibrary,학문의 서재,176
2026-07-22,1724,infoplant,지식 발전소,942
2026-07-22,1725,knarchive,지식 저장소,2431
2026-07-22,1978,cartemlab,카템 연구소,207
2026-07-22,1986,petpicknote,펫 픽 노트,461
2026-07-22,1977,smartliving,스마트 리빙,330
2026-07-22,all,all,전체 블로그,6009
2026-07-23,1795,aitechnote,AI 테크 최신 정보 매거진,459
2026-07-23,1783,insightbridge,인사이트 브리지,773
2026-07-23,84,systrader79,systrader79의 트레이딩 이야기,77
2026-07-23,1799,history,모든 것의 역사,361
2026-07-23,1800,studylibrary,학문의 서재,221
2026-07-23,1724,infoplant,지식 발전소,1020
2026-07-23,1725,knarchive,지식 저장소,2726
2026-07-23,1978,cartemlab,카템 연구소,207
2026-07-23,1986,petpicknote,펫 픽 노트,376
2026-07-23,1977,smartliving,스마트 리빙,327
2026-07-23,all,all,전체 블로그,6547
2026-07-24,1795,aitechnote,AI 테크 최신 정보 매거진,88
2026-07-24,1783,insightbridge,인사이트 브리지,181
2026-07-24,84,systrader79,systrader79의 트레이딩 이야기,29
2026-07-24,1799,history,모든 것의 역사,76
2026-07-24,1800,studylibrary,학문의 서재,71
2026-07-24,1724,infoplant,지식 발전소,274
2026-07-24,1725,knarchive,지식 저장소,779
2026-07-24,1978,cartemlab,카템 연구소,85
2026-07-24,1986,petpicknote,펫 픽 노트,104
2026-07-24,1977,smartliving,스마트 리빙,105
2026-07-24,2210,newssignal,뉴스 시그널,0
2026-07-24,2211,techinsight,테크 인사이트,0
2026-07-24,2212,lifesolution,라이프 솔루션,0
2026-07-24,2213,solobizstack,SoloBiz Stack,0
2026-07-24,all,all,전체 블로그,1792
