date,blog_id,blog_slug,blog_name,total_views
2026-06-30,1795,aitechnote,AI 테크 최신 정보 매거진,9115
2026-06-30,1783,insightbridge,인사이트 브리지,27798
2026-06-30,84,systrader79,systrader79의 트레이딩 이야기,34688
2026-06-30,1799,history,모든 것의 역사,14953
2026-06-30,1800,studylibrary,학문의 서재,26988
2026-06-30,1724,infoplant,지식 발전소,69392
2026-06-30,1725,knarchive,지식 저장소,245748
2026-06-30,all,all,전체 블로그,428682
2026-07-01,1795,aitechnote,AI 테크 최신 정보 매거진,9201
2026-07-01,1783,insightbridge,인사이트 브리지,28441
2026-07-01,84,systrader79,systrader79의 트레이딩 이야기,34876
2026-07-01,1799,history,모든 것의 역사,15356
2026-07-01,1800,studylibrary,학문의 서재,27227
2026-07-01,1724,infoplant,지식 발전소,71078
2026-07-01,1725,knarchive,지식 저장소,249191
2026-07-01,all,all,전체 블로그,435370
2026-07-02,1795,aitechnote,AI 테크 최신 정보 매거진,9539
2026-07-02,1783,insightbridge,인사이트 브리지,29872
2026-07-02,84,systrader79,systrader79의 트레이딩 이야기,35065
2026-07-02,1799,history,모든 것의 역사,16503
2026-07-02,1800,studylibrary,학문의 서재,27734
2026-07-02,1724,infoplant,지식 발전소,75326
2026-07-02,1725,knarchive,지식 저장소,257021
2026-07-02,all,all,전체 블로그,451060
2026-07-03,1795,aitechnote,AI 테크 최신 정보 매거진,9739
2026-07-03,1783,insightbridge,인사이트 브리지,30633
2026-07-03,84,systrader79,systrader79의 트레이딩 이야기,35192
2026-07-03,1799,history,모든 것의 역사,17189
2026-07-03,1800,studylibrary,학문의 서재,27992
2026-07-03,1724,infoplant,지식 발전소,78581
2026-07-03,1725,knarchive,지식 저장소,261273
2026-07-03,1977,smartliving,스마트 리빙,0
2026-07-03,1978,cartemlab,카템 연구소,0
2026-07-03,all,all,전체 블로그,460599
2026-07-04,1795,aitechnote,AI 테크 최신 정보 매거진,9853
2026-07-04,1783,insightbridge,인사이트 브리지,31195
2026-07-04,84,systrader79,systrader79의 트레이딩 이야기,35308
2026-07-04,1799,history,모든 것의 역사,17743
2026-07-04,1800,studylibrary,학문의 서재,28169
2026-07-04,1724,infoplant,지식 발전소,80780
2026-07-04,1725,knarchive,지식 저장소,264634
2026-07-04,1977,smartliving,스마트 리빙,2
2026-07-04,1978,cartemlab,카템 연구소,0
2026-07-04,all,all,전체 블로그,467684
2026-07-05,1795,aitechnote,AI 테크 최신 정보 매거진,9983
2026-07-05,1783,insightbridge,인사이트 브리지,31608
2026-07-05,84,systrader79,systrader79의 트레이딩 이야기,35447
2026-07-05,1799,history,모든 것의 역사,18311
2026-07-05,1800,studylibrary,학문의 서재,28343
2026-07-05,1724,infoplant,지식 발전소,83312
2026-07-05,1725,knarchive,지식 저장소,273758
2026-07-05,1978,cartemlab,카템 연구소,19
2026-07-05,1986,livingcurator,리빙 큐레이터,0
2026-07-05,1977,smartliving,스마트 리빙,177
2026-07-05,all,all,전체 블로그,480958
2026-07-06,1795,aitechnote,AI 테크 최신 정보 매거진,10213
2026-07-06,1783,insightbridge,인사이트 브리지,32342
2026-07-06,84,systrader79,systrader79의 트레이딩 이야기,35600
2026-07-06,1799,history,모든 것의 역사,19016
2026-07-06,1800,studylibrary,학문의 서재,28627
2026-07-06,1724,infoplant,지식 발전소,86827
2026-07-06,1725,knarchive,지식 저장소,282101
2026-07-06,1978,cartemlab,카템 연구소,232
2026-07-06,1986,petpicknote,펫 픽 노트,241
2026-07-06,1977,smartliving,스마트 리빙,11367
2026-07-06,all,all,전체 블로그,506566
2026-07-07,1795,aitechnote,AI 테크 최신 정보 매거진,10429
2026-07-07,1783,insightbridge,인사이트 브리지,33179
2026-07-07,84,systrader79,systrader79의 트레이딩 이야기,35729
2026-07-07,1799,history,모든 것의 역사,19689
2026-07-07,1800,studylibrary,학문의 서재,28879
2026-07-07,1724,infoplant,지식 발전소,90056
2026-07-07,1725,knarchive,지식 저장소,287977
2026-07-07,1978,cartemlab,카템 연구소,2226
2026-07-07,1986,petpicknote,펫 픽 노트,2324
2026-07-07,1977,smartliving,스마트 리빙,17524
2026-07-07,all,all,전체 블로그,528012
2026-07-08,1795,aitechnote,AI 테크 최신 정보 매거진,10633
2026-07-08,1783,insightbridge,인사이트 브리지,33840
2026-07-08,84,systrader79,systrader79의 트레이딩 이야기,35883
2026-07-08,1799,history,모든 것의 역사,20272
2026-07-08,1800,studylibrary,학문의 서재,29067
2026-07-08,1724,infoplant,지식 발전소,92438
2026-07-08,1725,knarchive,지식 저장소,293284
2026-07-08,1978,cartemlab,카템 연구소,4046
2026-07-08,1986,petpicknote,펫 픽 노트,5221
2026-07-08,1977,smartliving,스마트 리빙,21696
2026-07-08,all,all,전체 블로그,546380
2026-07-09,1795,aitechnote,AI 테크 최신 정보 매거진,10833
2026-07-09,1783,insightbridge,인사이트 브리지,34521
2026-07-09,84,systrader79,systrader79의 트레이딩 이야기,35988
2026-07-09,1799,history,모든 것의 역사,20771
2026-07-09,1800,studylibrary,학문의 서재,29231
2026-07-09,1724,infoplant,지식 발전소,94561
2026-07-09,1725,knarchive,지식 저장소,298623
2026-07-09,1978,cartemlab,카템 연구소,5965
2026-07-09,1986,petpicknote,펫 픽 노트,7026
2026-07-09,1977,smartliving,스마트 리빙,29067
2026-07-09,all,all,전체 블로그,566586
2026-07-10,1795,aitechnote,AI 테크 최신 정보 매거진,11034
2026-07-10,1783,insightbridge,인사이트 브리지,35142
2026-07-10,84,systrader79,systrader79의 트레이딩 이야기,36072
2026-07-10,1799,history,모든 것의 역사,21243
2026-07-10,1800,studylibrary,학문의 서재,29348
2026-07-10,1724,infoplant,지식 발전소,96219
2026-07-10,1725,knarchive,지식 저장소,302669
2026-07-10,1978,cartemlab,카템 연구소,9054
2026-07-10,1986,petpicknote,펫 픽 노트,8442
2026-07-10,1977,smartliving,스마트 리빙,32987
2026-07-10,all,all,전체 블로그,582210
2026-07-11,1795,aitechnote,AI 테크 최신 정보 매거진,11128
2026-07-11,1783,insightbridge,인사이트 브리지,35552
2026-07-11,84,systrader79,systrader79의 트레이딩 이야기,36205
2026-07-11,1799,history,모든 것의 역사,21535
2026-07-11,1800,studylibrary,학문의 서재,29475
2026-07-11,1724,infoplant,지식 발전소,97503
2026-07-11,1725,knarchive,지식 저장소,306226
2026-07-11,1978,cartemlab,카템 연구소,31961
2026-07-11,1986,petpicknote,펫 픽 노트,10184
2026-07-11,1977,smartliving,스마트 리빙,42114
2026-07-11,all,all,전체 블로그,621883
2026-07-12,1795,aitechnote,AI 테크 최신 정보 매거진,11236
2026-07-12,1783,insightbridge,인사이트 브리지,36001
2026-07-12,84,systrader79,systrader79의 트레이딩 이야기,36308
2026-07-12,1799,history,모든 것의 역사,21870
2026-07-12,1800,studylibrary,학문의 서재,29590
2026-07-12,1724,infoplant,지식 발전소,98645
2026-07-12,1725,knarchive,지식 저장소,308862
2026-07-12,1978,cartemlab,카템 연구소,61099
2026-07-12,1986,petpicknote,펫 픽 노트,12933
2026-07-12,1977,smartliving,스마트 리빙,56382
2026-07-12,all,all,전체 블로그,672926
2026-07-13,1795,aitechnote,AI 테크 최신 정보 매거진,11422
2026-07-13,1783,insightbridge,인사이트 브리지,36669
2026-07-13,84,systrader79,systrader79의 트레이딩 이야기,36514
2026-07-13,1799,history,모든 것의 역사,22418
2026-07-13,1800,studylibrary,학문의 서재,29817
2026-07-13,1724,infoplant,지식 발전소,100214
2026-07-13,1725,knarchive,지식 저장소,312447
2026-07-13,1978,cartemlab,카템 연구소,94452
2026-07-13,1986,petpicknote,펫 픽 노트,16454
2026-07-13,1977,smartliving,스마트 리빙,68472
2026-07-13,all,all,전체 블로그,728879
2026-07-14,1795,aitechnote,AI 테크 최신 정보 매거진,11709
2026-07-14,1783,insightbridge,인사이트 브리지,37277
2026-07-14,84,systrader79,systrader79의 트레이딩 이야기,36647
2026-07-14,1799,history,모든 것의 역사,22960
2026-07-14,1800,studylibrary,학문의 서재,30037
2026-07-14,1724,infoplant,지식 발전소,101857
2026-07-14,1725,knarchive,지식 저장소,316262
2026-07-14,1978,cartemlab,카템 연구소,123872
2026-07-14,1986,petpicknote,펫 픽 노트,19178
2026-07-14,1977,smartliving,스마트 리빙,77235
2026-07-14,all,all,전체 블로그,777034
2026-07-15,1795,aitechnote,AI 테크 최신 정보 매거진,11989
2026-07-15,1783,insightbridge,인사이트 브리지,37883
2026-07-15,84,systrader79,systrader79의 트레이딩 이야기,36733
2026-07-15,1799,history,모든 것의 역사,23387
2026-07-15,1800,studylibrary,학문의 서재,30229
2026-07-15,1724,infoplant,지식 발전소,103377
2026-07-15,1725,knarchive,지식 저장소,319732
2026-07-15,1978,cartemlab,카템 연구소,138370
2026-07-15,1986,petpicknote,펫 픽 노트,21466
2026-07-15,1977,smartliving,스마트 리빙,84912
2026-07-15,all,all,전체 블로그,808078
2026-07-16,1795,aitechnote,AI 테크 최신 정보 매거진,12277
2026-07-16,1783,insightbridge,인사이트 브리지,38381
2026-07-16,84,systrader79,systrader79의 트레이딩 이야기,36783
2026-07-16,1799,history,모든 것의 역사,23770
2026-07-16,1800,studylibrary,학문의 서재,30350
2026-07-16,1724,infoplant,지식 발전소,104309
2026-07-16,1725,knarchive,지식 저장소,321914
2026-07-16,1978,cartemlab,카템 연구소,149044
2026-07-16,1986,petpicknote,펫 픽 노트,23287
2026-07-16,1977,smartliving,스마트 리빙,90034
2026-07-16,all,all,전체 블로그,830149
2026-07-17,1795,aitechnote,AI 테크 최신 정보 매거진,12627
2026-07-17,1783,insightbridge,인사이트 브리지,38790
2026-07-17,84,systrader79,systrader79의 트레이딩 이야기,36827
2026-07-17,1799,history,모든 것의 역사,24014
2026-07-17,1800,studylibrary,학문의 서재,30450
2026-07-17,1724,infoplant,지식 발전소,105138
2026-07-17,1725,knarchive,지식 저장소,323693
2026-07-17,1978,cartemlab,카템 연구소,151894
2026-07-17,1986,petpicknote,펫 픽 노트,24971
2026-07-17,1977,smartliving,스마트 리빙,94036
2026-07-17,all,all,전체 블로그,842440
2026-07-18,1795,aitechnote,AI 테크 최신 정보 매거진,12899
2026-07-18,1783,insightbridge,인사이트 브리지,39246
2026-07-18,84,systrader79,systrader79의 트레이딩 이야기,36872
2026-07-18,1799,history,모든 것의 역사,24184
2026-07-18,1800,studylibrary,학문의 서재,30521
2026-07-18,1724,infoplant,지식 발전소,105895
2026-07-18,1725,knarchive,지식 저장소,325257
2026-07-18,1978,cartemlab,카템 연구소,153162
2026-07-18,1986,petpicknote,펫 픽 노트,26525
2026-07-18,1977,smartliving,스마트 리빙,96678
2026-07-18,all,all,전체 블로그,851239
2026-07-19,1795,aitechnote,AI 테크 최신 정보 매거진,13235
2026-07-19,1783,insightbridge,인사이트 브리지,39596
2026-07-19,84,systrader79,systrader79의 트레이딩 이야기,36909
2026-07-19,1799,history,모든 것의 역사,24359
2026-07-19,1800,studylibrary,학문의 서재,30600
2026-07-19,1724,infoplant,지식 발전소,106497
2026-07-19,1725,knarchive,지식 저장소,326755
2026-07-19,1978,cartemlab,카템 연구소,153489
2026-07-19,1986,petpicknote,펫 픽 노트,27420
2026-07-19,1977,smartliving,스마트 리빙,97675
2026-07-19,all,all,전체 블로그,856535
